build_commit,build_number,cpu_info,gpu_info,backends,model_filename,model_type,model_size,model_n_params,n_batch,n_ubatch,n_threads,cpu_mask,cpu_strict,poll,type_k,type_v,n_gpu_layers,n_cpu_moe,split_mode,main_gpu,no_kv_offload,flash_attn,devices,tensor_split,tensor_buft_overrides,use_mmap,use_direct_io,embeddings,no_op_offload,no_host,fit_target,fit_min_ctx,n_prompt,n_gen,n_depth,test_time,avg_ns,stddev_ns,avg_ts,stddev_ts
"69c28f154","8696","Intel(R) Xeon(R) W-3245 CPU @ 3.20GHz","AMD Radeon Pro Vega II Duo, AMD Radeon Pro Vega II Duo, AMD Radeon Pro Vega II Duo, AMD Radeon Pro Vega II Duo","Vulkan","/Users/oleksandr/projects/llms/gemma4/gemma-4-E2B-it-UD-Q2_K_XL.gguf","gemma4 E2B Q2_K - Medium","2384089228","4647450147","2048","512","16","0x0","0","50","f16","f16","0","0","layer","0","0","0","auto","0.00","none","1","0","0","0","0","0","0","2","0","0","2026-04-07T23:50:29Z","64854156","135838","30.838532","0.064339"
"69c28f154","8696","Intel(R) Xeon(R) W-3245 CPU @ 3.20GHz","AMD Radeon Pro Vega II Duo, AMD Radeon Pro Vega II Duo, AMD Radeon Pro Vega II Duo, AMD Radeon Pro Vega II Duo","Vulkan","/Users/oleksandr/projects/llms/gemma4/gemma-4-E2B-it-UD-Q2_K_XL.gguf","gemma4 E2B Q2_K - Medium","2384089228","4647450147","2048","512","16","0x0","0","50","f16","f16","0","0","layer","0","0","0","auto","0.00","none","1","0","0","0","0","0","0","4","0","0","2026-04-07T23:50:30Z","125348634","614887","31.911613","0.156846"
"69c28f154","8696","Intel(R) Xeon(R) W-3245 CPU @ 3.20GHz","AMD Radeon Pro Vega II Duo, AMD Radeon Pro Vega II Duo, AMD Radeon Pro Vega II Duo, AMD Radeon Pro Vega II Duo","Vulkan","/Users/oleksandr/projects/llms/gemma4/gemma-4-E2B-it-UD-Q2_K_XL.gguf","gemma4 E2B Q2_K - Medium","2384089228","4647450147","2048","512","16","0x0","0","50","f16","f16","0","0","layer","0","0","0","auto","0.00","none","1","0","0","0","0","0","0","8","0","0","2026-04-07T23:50:31Z","164201575","734299","48.721382","0.217358"
"69c28f154","8696","Intel(R) Xeon(R) W-3245 CPU @ 3.20GHz","AMD Radeon Pro Vega II Duo, AMD Radeon Pro Vega II Duo, AMD Radeon Pro Vega II Duo, AMD Radeon Pro Vega II Duo","Vulkan","/Users/oleksandr/projects/llms/gemma4/gemma-4-E2B-it-UD-Q2_K_XL.gguf","gemma4 E2B Q2_K - Medium","2384089228","4647450147","2048","512","16","0x0","0","50","f16","f16","0","0","layer","0","0","0","auto","0.00","none","1","0","0","0","0","0","0","16","0","0","2026-04-07T23:50:32Z","212739411","1060212","75.210873","0.373547"
"69c28f154","8696","Intel(R) Xeon(R) W-3245 CPU @ 3.20GHz","AMD Radeon Pro Vega II Duo, AMD Radeon Pro Vega II Duo, AMD Radeon Pro Vega II Duo, AMD Radeon Pro Vega II Duo","Vulkan","/Users/oleksandr/projects/llms/gemma4/gemma-4-E2B-it-UD-Q2_K_XL.gguf","gemma4 E2B Q2_K - Medium","2384089228","4647450147","2048","512","16","0x0","0","50","f16","f16","0","0","layer","0","0","0","auto","0.00","none","1","0","0","0","0","0","0","32","0","0","2026-04-07T23:50:33Z","457040433","7754697","70.031469","1.162700"
"69c28f154","8696","Intel(R) Xeon(R) W-3245 CPU @ 3.20GHz","AMD Radeon Pro Vega II Duo, AMD Radeon Pro Vega II Duo, AMD Radeon Pro Vega II Duo, AMD Radeon Pro Vega II Duo","Vulkan","/Users/oleksandr/projects/llms/gemma4/gemma-4-E2B-it-UD-Q2_K_XL.gguf","gemma4 E2B Q2_K - Medium","2384089228","4647450147","2048","512","16","0x0","0","50","f16","f16","0","0","layer","0","0","0","auto","0.00","none","1","0","0","0","0","0","0","64","0","0","2026-04-07T23:50:36Z","1814684553","749585","35.267842","0.014523"
"69c28f154","8696","Intel(R) Xeon(R) W-3245 CPU @ 3.20GHz","AMD Radeon Pro Vega II Duo, AMD Radeon Pro Vega II Duo, AMD Radeon Pro Vega II Duo, AMD Radeon Pro Vega II Duo","Vulkan","/Users/oleksandr/projects/llms/gemma4/gemma-4-E2B-it-UD-Q2_K_XL.gguf","gemma4 E2B Q2_K - Medium","2384089228","4647450147","2048","512","16","0x0","0","50","f16","f16","0","0","layer","0","0","0","auto","0.00","none","1","0","0","0","0","0","0","128","0","0","2026-04-07T23:50:47Z","2004383240","988721","63.860055","0.031502"
"69c28f154","8696","Intel(R) Xeon(R) W-3245 CPU @ 3.20GHz","AMD Radeon Pro Vega II Duo, AMD Radeon Pro Vega II Duo, AMD Radeon Pro Vega II Duo, AMD Radeon Pro Vega II Duo","Vulkan","/Users/oleksandr/projects/llms/gemma4/gemma-4-E2B-it-UD-Q2_K_XL.gguf","gemma4 E2B Q2_K - Medium","2384089228","4647450147","2048","512","16","0x0","0","50","f16","f16","0","0","layer","0","0","0","auto","0.00","none","1","0","0","0","0","0","0","256","0","0","2026-04-07T23:50:59Z","2611776260","4473001","98.017814","0.167911"
"69c28f154","8696","Intel(R) Xeon(R) W-3245 CPU @ 3.20GHz","AMD Radeon Pro Vega II Duo, AMD Radeon Pro Vega II Duo, AMD Radeon Pro Vega II Duo, AMD Radeon Pro Vega II Duo","Vulkan","/Users/oleksandr/projects/llms/gemma4/gemma-4-E2B-it-UD-Q2_K_XL.gguf","gemma4 E2B Q2_K - Medium","2384089228","4647450147","2048","512","16","0x0","0","50","f16","f16","0","0","layer","0","0","0","auto","0.00","none","1","0","0","0","0","0","0","512","0","0","2026-04-07T23:51:14Z","3897247217","2964735","131.374842","0.099836"
"69c28f154","8696","Intel(R) Xeon(R) W-3245 CPU @ 3.20GHz","AMD Radeon Pro Vega II Duo, AMD Radeon Pro Vega II Duo, AMD Radeon Pro Vega II Duo, AMD Radeon Pro Vega II Duo","Vulkan","/Users/oleksandr/projects/llms/gemma4/gemma-4-E2B-it-UD-Q2_K_XL.gguf","gemma4 E2B Q2_K - Medium","2384089228","4647450147","2048","512","16","0x0","0","50","f16","f16","0","0","layer","0","0","0","auto","0.00","none","1","0","0","0","0","0","0","1024","0","0","2026-04-07T23:51:38Z","7956280218","44386577","128.706568","0.718689"
"69c28f154","8696","Intel(R) Xeon(R) W-3245 CPU @ 3.20GHz","AMD Radeon Pro Vega II Duo, AMD Radeon Pro Vega II Duo, AMD Radeon Pro Vega II Duo, AMD Radeon Pro Vega II Duo","Vulkan","/Users/oleksandr/projects/llms/gemma4/gemma-4-E2B-it-UD-Q3_K_XL.gguf","gemma4 E2B Q3_K - Medium","2899249292","4647450147","2048","512","16","0x0","0","50","f16","f16","0","0","layer","0","0","0","auto","0.00","none","1","0","0","0","0","0","0","2","0","0","2026-04-07T23:52:27Z","62167321","459955","32.172649","0.237655"
"69c28f154","8696","Intel(R) Xeon(R) W-3245 CPU @ 3.20GHz","AMD Radeon Pro Vega II Duo, AMD Radeon Pro Vega II Duo, AMD Radeon Pro Vega II Duo, AMD Radeon Pro Vega II Duo","Vulkan","/Users/oleksandr/projects/llms/gemma4/gemma-4-E2B-it-UD-Q3_K_XL.gguf","gemma4 E2B Q3_K - Medium","2899249292","4647450147","2048","512","16","0x0","0","50","f16","f16","0","0","layer","0","0","0","auto","0.00","none","1","0","0","0","0","0","0","4","0","0","2026-04-07T23:52:27Z","121551857","585881","32.908378","0.158808"
"69c28f154","8696","Intel(R) Xeon(R) W-3245 CPU @ 3.20GHz","AMD Radeon Pro Vega II Duo, AMD Radeon Pro Vega II Duo, AMD Radeon Pro Vega II Duo, AMD Radeon Pro Vega II Duo","Vulkan","/Users/oleksandr/projects/llms/gemma4/gemma-4-E2B-it-UD-Q3_K_XL.gguf","gemma4 E2B Q3_K - Medium","2899249292","4647450147","2048","512","16","0x0","0","50","f16","f16","0","0","layer","0","0","0","auto","0.00","none","1","0","0","0","0","0","0","8","0","0","2026-04-07T23:52:28Z","159230825","1275355","50.244081","0.398426"
"69c28f154","8696","Intel(R) Xeon(R) W-3245 CPU @ 3.20GHz","AMD Radeon Pro Vega II Duo, AMD Radeon Pro Vega II Duo, AMD Radeon Pro Vega II Duo, AMD Radeon Pro Vega II Duo","Vulkan","/Users/oleksandr/projects/llms/gemma4/gemma-4-E2B-it-UD-Q3_K_XL.gguf","gemma4 E2B Q3_K - Medium","2899249292","4647450147","2048","512","16","0x0","0","50","f16","f16","0","0","layer","0","0","0","auto","0.00","none","1","0","0","0","0","0","0","16","0","0","2026-04-07T23:52:29Z","206215109","2151415","77.595596","0.804395"
"69c28f154","8696","Intel(R) Xeon(R) W-3245 CPU @ 3.20GHz","AMD Radeon Pro Vega II Duo, AMD Radeon Pro Vega II Duo, AMD Radeon Pro Vega II Duo, AMD Radeon Pro Vega II Duo","Vulkan","/Users/oleksandr/projects/llms/gemma4/gemma-4-E2B-it-UD-Q3_K_XL.gguf","gemma4 E2B Q3_K - Medium","2899249292","4647450147","2048","512","16","0x0","0","50","f16","f16","0","0","layer","0","0","0","auto","0.00","none","1","0","0","0","0","0","0","32","0","0","2026-04-07T23:52:30Z","480796681","2312227","66.557425","0.318566"
"69c28f154","8696","Intel(R) Xeon(R) W-3245 CPU @ 3.20GHz","AMD Radeon Pro Vega II Duo, AMD Radeon Pro Vega II Duo, AMD Radeon Pro Vega II Duo, AMD Radeon Pro Vega II Duo","Vulkan","/Users/oleksandr/projects/llms/gemma4/gemma-4-E2B-it-UD-Q3_K_XL.gguf","gemma4 E2B Q3_K - Medium","2899249292","4647450147","2048","512","16","0x0","0","50","f16","f16","0","0","layer","0","0","0","auto","0.00","none","1","0","0","0","0","0","0","64","0","0","2026-04-07T23:52:33Z","1853521357","4148080","34.529009","0.077235"
"69c28f154","8696","Intel(R) Xeon(R) W-3245 CPU @ 3.20GHz","AMD Radeon Pro Vega II Duo, AMD Radeon Pro Vega II Duo, AMD Radeon Pro Vega II Duo, AMD Radeon Pro Vega II Duo","Vulkan","/Users/oleksandr/projects/llms/gemma4/gemma-4-E2B-it-UD-Q3_K_XL.gguf","gemma4 E2B Q3_K - Medium","2899249292","4647450147","2048","512","16","0x0","0","50","f16","f16","0","0","layer","0","0","0","auto","0.00","none","1","0","0","0","0","0","0","128","0","0","2026-04-07T23:52:44Z","2029594363","2396355","63.066860","0.074475"
"69c28f154","8696","Intel(R) Xeon(R) W-3245 CPU @ 3.20GHz","AMD Radeon Pro Vega II Duo, AMD Radeon Pro Vega II Duo, AMD Radeon Pro Vega II Duo, AMD Radeon Pro Vega II Duo","Vulkan","/Users/oleksandr/projects/llms/gemma4/gemma-4-E2B-it-UD-Q3_K_XL.gguf","gemma4 E2B Q3_K - Medium","2899249292","4647450147","2048","512","16","0x0","0","50","f16","f16","0","0","layer","0","0","0","auto","0.00","none","1","0","0","0","0","0","0","256","0","0","2026-04-07T23:52:56Z","2584428739","3423925","99.054911","0.131245"
"69c28f154","8696","Intel(R) Xeon(R) W-3245 CPU @ 3.20GHz","AMD Radeon Pro Vega II Duo, AMD Radeon Pro Vega II Duo, AMD Radeon Pro Vega II Duo, AMD Radeon Pro Vega II Duo","Vulkan","/Users/oleksandr/projects/llms/gemma4/gemma-4-E2B-it-UD-Q3_K_XL.gguf","gemma4 E2B Q3_K - Medium","2899249292","4647450147","2048","512","16","0x0","0","50","f16","f16","0","0","layer","0","0","0","auto","0.00","none","1","0","0","0","0","0","0","512","0","0","2026-04-07T23:53:12Z","3716026741","6705627","137.781929","0.248440"
"69c28f154","8696","Intel(R) Xeon(R) W-3245 CPU @ 3.20GHz","AMD Radeon Pro Vega II Duo, AMD Radeon Pro Vega II Duo, AMD Radeon Pro Vega II Duo, AMD Radeon Pro Vega II Duo","Vulkan","/Users/oleksandr/projects/llms/gemma4/gemma-4-E2B-it-UD-Q3_K_XL.gguf","gemma4 E2B Q3_K - Medium","2899249292","4647450147","2048","512","16","0x0","0","50","f16","f16","0","0","layer","0","0","0","auto","0.00","none","1","0","0","0","0","0","0","1024","0","0","2026-04-07T23:53:34Z","7531431110","9350700","135.963703","0.168778"
"69c28f154","8696","Intel(R) Xeon(R) W-3245 CPU @ 3.20GHz","AMD Radeon Pro Vega II Duo, AMD Radeon Pro Vega II Duo, AMD Radeon Pro Vega II Duo, AMD Radeon Pro Vega II Duo","Vulkan","/Users/oleksandr/projects/llms/gemma4/gemma-4-E2B-it-UD-Q4_K_XL.gguf","gemma4 E2B Q4_K - Medium","3158225036","4647450147","2048","512","16","0x0","0","50","f16","f16","0","0","layer","0","0","0","auto","0.00","none","1","0","0","0","0","0","0","2","0","0","2026-04-07T23:54:20Z","58956544","295699","33.923974","0.170274"
"69c28f154","8696","Intel(R) Xeon(R) W-3245 CPU @ 3.20GHz","AMD Radeon Pro Vega II Duo, AMD Radeon Pro Vega II Duo, AMD Radeon Pro Vega II Duo, AMD Radeon Pro Vega II Duo","Vulkan","/Users/oleksandr/projects/llms/gemma4/gemma-4-E2B-it-UD-Q4_K_XL.gguf","gemma4 E2B Q4_K - Medium","3158225036","4647450147","2048","512","16","0x0","0","50","f16","f16","0","0","layer","0","0","0","auto","0.00","none","1","0","0","0","0","0","0","4","0","0","2026-04-07T23:54:21Z","113043863","754844","35.385750","0.234956"
"69c28f154","8696","Intel(R) Xeon(R) W-3245 CPU @ 3.20GHz","AMD Radeon Pro Vega II Duo, AMD Radeon Pro Vega II Duo, AMD Radeon Pro Vega II Duo, AMD Radeon Pro Vega II Duo","Vulkan","/Users/oleksandr/projects/llms/gemma4/gemma-4-E2B-it-UD-Q4_K_XL.gguf","gemma4 E2B Q4_K - Medium","3158225036","4647450147","2048","512","16","0x0","0","50","f16","f16","0","0","layer","0","0","0","auto","0.00","none","1","0","0","0","0","0","0","8","0","0","2026-04-07T23:54:21Z","141930103","737901","56.366997","0.294191"
"69c28f154","8696","Intel(R) Xeon(R) W-3245 CPU @ 3.20GHz","AMD Radeon Pro Vega II Duo, AMD Radeon Pro Vega II Duo, AMD Radeon Pro Vega II Duo, AMD Radeon Pro Vega II Duo","Vulkan","/Users/oleksandr/projects/llms/gemma4/gemma-4-E2B-it-UD-Q4_K_XL.gguf","gemma4 E2B Q4_K - Medium","3158225036","4647450147","2048","512","16","0x0","0","50","f16","f16","0","0","layer","0","0","0","auto","0.00","none","1","0","0","0","0","0","0","16","0","0","2026-04-07T23:54:22Z","168689633","459497","94.849308","0.258436"
"69c28f154","8696","Intel(R) Xeon(R) W-3245 CPU @ 3.20GHz","AMD Radeon Pro Vega II Duo, AMD Radeon Pro Vega II Duo, AMD Radeon Pro Vega II Duo, AMD Radeon Pro Vega II Duo","Vulkan","/Users/oleksandr/projects/llms/gemma4/gemma-4-E2B-it-UD-Q4_K_XL.gguf","gemma4 E2B Q4_K - Medium","3158225036","4647450147","2048","512","16","0x0","0","50","f16","f16","0","0","layer","0","0","0","auto","0.00","none","1","0","0","0","0","0","0","32","0","0","2026-04-07T23:54:23Z","529302783","914319","60.457034","0.104485"
"69c28f154","8696","Intel(R) Xeon(R) W-3245 CPU @ 3.20GHz","AMD Radeon Pro Vega II Duo, AMD Radeon Pro Vega II Duo, AMD Radeon Pro Vega II Duo, AMD Radeon Pro Vega II Duo","Vulkan","/Users/oleksandr/projects/llms/gemma4/gemma-4-E2B-it-UD-Q4_K_XL.gguf","gemma4 E2B Q4_K - Medium","3158225036","4647450147","2048","512","16","0x0","0","50","f16","f16","0","0","layer","0","0","0","auto","0.00","none","1","0","0","0","0","0","0","64","0","0","2026-04-07T23:54:26Z","1907366154","1825315","33.554148","0.032098"
"69c28f154","8696","Intel(R) Xeon(R) W-3245 CPU @ 3.20GHz","AMD Radeon Pro Vega II Duo, AMD Radeon Pro Vega II Duo, AMD Radeon Pro Vega II Duo, AMD Radeon Pro Vega II Duo","Vulkan","/Users/oleksandr/projects/llms/gemma4/gemma-4-E2B-it-UD-Q4_K_XL.gguf","gemma4 E2B Q4_K - Medium","3158225036","4647450147","2048","512","16","0x0","0","50","f16","f16","0","0","layer","0","0","0","auto","0.00","none","1","0","0","0","0","0","0","128","0","0","2026-04-07T23:54:38Z","2089294100","3267998","61.264831","0.095750"
"69c28f154","8696","Intel(R) Xeon(R) W-3245 CPU @ 3.20GHz","AMD Radeon Pro Vega II Duo, AMD Radeon Pro Vega II Duo, AMD Radeon Pro Vega II Duo, AMD Radeon Pro Vega II Duo","Vulkan","/Users/oleksandr/projects/llms/gemma4/gemma-4-E2B-it-UD-Q4_K_XL.gguf","gemma4 E2B Q4_K - Medium","3158225036","4647450147","2048","512","16","0x0","0","50","f16","f16","0","0","layer","0","0","0","auto","0.00","none","1","0","0","0","0","0","0","256","0","0","2026-04-07T23:54:50Z","2703147496","4994562","94.704673","0.175365"
"69c28f154","8696","Intel(R) Xeon(R) W-3245 CPU @ 3.20GHz","AMD Radeon Pro Vega II Duo, AMD Radeon Pro Vega II Duo, AMD Radeon Pro Vega II Duo, AMD Radeon Pro Vega II Duo","Vulkan","/Users/oleksandr/projects/llms/gemma4/gemma-4-E2B-it-UD-Q4_K_XL.gguf","gemma4 E2B Q4_K - Medium","3158225036","4647450147","2048","512","16","0x0","0","50","f16","f16","0","0","layer","0","0","0","auto","0.00","none","1","0","0","0","0","0","0","512","0","0","2026-04-07T23:55:07Z","3949593602","8835828","129.634110","0.290005"
"69c28f154","8696","Intel(R) Xeon(R) W-3245 CPU @ 3.20GHz","AMD Radeon Pro Vega II Duo, AMD Radeon Pro Vega II Duo, AMD Radeon Pro Vega II Duo, AMD Radeon Pro Vega II Duo","Vulkan","/Users/oleksandr/projects/llms/gemma4/gemma-4-E2B-it-UD-Q4_K_XL.gguf","gemma4 E2B Q4_K - Medium","3158225036","4647450147","2048","512","16","0x0","0","50","f16","f16","0","0","layer","0","0","0","auto","0.00","none","1","0","0","0","0","0","0","1024","0","0","2026-04-07T23:55:30Z","8053452228","28985945","127.151758","0.457646"
"69c28f154","8696","Intel(R) Xeon(R) W-3245 CPU @ 3.20GHz","AMD Radeon Pro Vega II Duo, AMD Radeon Pro Vega II Duo, AMD Radeon Pro Vega II Duo, AMD Radeon Pro Vega II Duo","Vulkan","/Users/oleksandr/projects/llms/gemma4/gemma-4-E2B-it-UD-Q5_K_XL.gguf","gemma4 E2B Q5_K - Medium","4276181132","4647450147","2048","512","16","0x0","0","50","f16","f16","0","0","layer","0","0","0","auto","0.00","none","1","0","0","0","0","0","0","2","0","0","2026-04-07T23:56:20Z","58089742","375579","34.430640","0.223131"
"69c28f154","8696","Intel(R) Xeon(R) W-3245 CPU @ 3.20GHz","AMD Radeon Pro Vega II Duo, AMD Radeon Pro Vega II Duo, AMD Radeon Pro Vega II Duo, AMD Radeon Pro Vega II Duo","Vulkan","/Users/oleksandr/projects/llms/gemma4/gemma-4-E2B-it-UD-Q5_K_XL.gguf","gemma4 E2B Q5_K - Medium","4276181132","4647450147","2048","512","16","0x0","0","50","f16","f16","0","0","layer","0","0","0","auto","0.00","none","1","0","0","0","0","0","0","4","0","0","2026-04-07T23:56:20Z","110693629","312915","36.136005","0.102183"
"69c28f154","8696","Intel(R) Xeon(R) W-3245 CPU @ 3.20GHz","AMD Radeon Pro Vega II Duo, AMD Radeon Pro Vega II Duo, AMD Radeon Pro Vega II Duo, AMD Radeon Pro Vega II Duo","Vulkan","/Users/oleksandr/projects/llms/gemma4/gemma-4-E2B-it-UD-Q5_K_XL.gguf","gemma4 E2B Q5_K - Medium","4276181132","4647450147","2048","512","16","0x0","0","50","f16","f16","0","0","layer","0","0","0","auto","0.00","none","1","0","0","0","0","0","0","8","0","0","2026-04-07T23:56:21Z","138853706","463362","57.615108","0.192404"
"69c28f154","8696","Intel(R) Xeon(R) W-3245 CPU @ 3.20GHz","AMD Radeon Pro Vega II Duo, AMD Radeon Pro Vega II Duo, AMD Radeon Pro Vega II Duo, AMD Radeon Pro Vega II Duo","Vulkan","/Users/oleksandr/projects/llms/gemma4/gemma-4-E2B-it-UD-Q5_K_XL.gguf","gemma4 E2B Q5_K - Medium","4276181132","4647450147","2048","512","16","0x0","0","50","f16","f16","0","0","layer","0","0","0","auto","0.00","none","1","0","0","0","0","0","0","16","0","0","2026-04-07T23:56:22Z","168909325","2313309","94.739403","1.279979"
"69c28f154","8696","Intel(R) Xeon(R) W-3245 CPU @ 3.20GHz","AMD Radeon Pro Vega II Duo, AMD Radeon Pro Vega II Duo, AMD Radeon Pro Vega II Duo, AMD Radeon Pro Vega II Duo","Vulkan","/Users/oleksandr/projects/llms/gemma4/gemma-4-E2B-it-UD-Q5_K_XL.gguf","gemma4 E2B Q5_K - Medium","4276181132","4647450147","2048","512","16","0x0","0","50","f16","f16","0","0","layer","0","0","0","auto","0.00","none","1","0","0","0","0","0","0","32","0","0","2026-04-07T23:56:23Z","572008136","4624641","55.946155","0.447566"
"69c28f154","8696","Intel(R) Xeon(R) W-3245 CPU @ 3.20GHz","AMD Radeon Pro Vega II Duo, AMD Radeon Pro Vega II Duo, AMD Radeon Pro Vega II Duo, AMD Radeon Pro Vega II Duo","Vulkan","/Users/oleksandr/projects/llms/gemma4/gemma-4-E2B-it-UD-Q5_K_XL.gguf","gemma4 E2B Q5_K - Medium","4276181132","4647450147","2048","512","16","0x0","0","50","f16","f16","0","0","layer","0","0","0","auto","0.00","none","1","0","0","0","0","0","0","64","0","0","2026-04-07T23:56:26Z","1950696203","2695809","32.808849","0.045305"
"69c28f154","8696","Intel(R) Xeon(R) W-3245 CPU @ 3.20GHz","AMD Radeon Pro Vega II Duo, AMD Radeon Pro Vega II Duo, AMD Radeon Pro Vega II Duo, AMD Radeon Pro Vega II Duo","Vulkan","/Users/oleksandr/projects/llms/gemma4/gemma-4-E2B-it-UD-Q5_K_XL.gguf","gemma4 E2B Q5_K - Medium","4276181132","4647450147","2048","512","16","0x0","0","50","f16","f16","0","0","layer","0","0","0","auto","0.00","none","1","0","0","0","0","0","0","128","0","0","2026-04-07T23:56:38Z","2148270328","5144213","59.583091","0.142289"
"69c28f154","8696","Intel(R) Xeon(R) W-3245 CPU @ 3.20GHz","AMD Radeon Pro Vega II Duo, AMD Radeon Pro Vega II Duo, AMD Radeon Pro Vega II Duo, AMD Radeon Pro Vega II Duo","Vulkan","/Users/oleksandr/projects/llms/gemma4/gemma-4-E2B-it-UD-Q5_K_XL.gguf","gemma4 E2B Q5_K - Medium","4276181132","4647450147","2048","512","16","0x0","0","50","f16","f16","0","0","layer","0","0","0","auto","0.00","none","1","0","0","0","0","0","0","256","0","0","2026-04-07T23:56:51Z","2720843491","2807894","94.088550","0.096942"
"69c28f154","8696","Intel(R) Xeon(R) W-3245 CPU @ 3.20GHz","AMD Radeon Pro Vega II Duo, AMD Radeon Pro Vega II Duo, AMD Radeon Pro Vega II Duo, AMD Radeon Pro Vega II Duo","Vulkan","/Users/oleksandr/projects/llms/gemma4/gemma-4-E2B-it-UD-Q5_K_XL.gguf","gemma4 E2B Q5_K - Medium","4276181132","4647450147","2048","512","16","0x0","0","50","f16","f16","0","0","layer","0","0","0","auto","0.00","none","1","0","0","0","0","0","0","512","0","0","2026-04-07T23:57:07Z","3873067124","1942624","132.194999","0.066297"
"69c28f154","8696","Intel(R) Xeon(R) W-3245 CPU @ 3.20GHz","AMD Radeon Pro Vega II Duo, AMD Radeon Pro Vega II Duo, AMD Radeon Pro Vega II Duo, AMD Radeon Pro Vega II Duo","Vulkan","/Users/oleksandr/projects/llms/gemma4/gemma-4-E2B-it-UD-Q5_K_XL.gguf","gemma4 E2B Q5_K - Medium","4276181132","4647450147","2048","512","16","0x0","0","50","f16","f16","0","0","layer","0","0","0","auto","0.00","none","1","0","0","0","0","0","0","1024","0","0","2026-04-07T23:57:30Z","7856264742","3443372","130.341860","0.057111"
"69c28f154","8696","Intel(R) Xeon(R) W-3245 CPU @ 3.20GHz","AMD Radeon Pro Vega II Duo, AMD Radeon Pro Vega II Duo, AMD Radeon Pro Vega II Duo, AMD Radeon Pro Vega II Duo","Vulkan","/Users/oleksandr/projects/llms/gemma4/gemma-4-E2B-it-UD-Q6_K_XL.gguf","gemma4 E2B Q6_K","4694268044","4647450147","2048","512","16","0x0","0","50","f16","f16","0","0","layer","0","0","0","auto","0.00","none","1","0","0","0","0","0","0","2","0","0","2026-04-07T23:58:19Z","62276940","1701446","32.133150","0.848028"
"69c28f154","8696","Intel(R) Xeon(R) W-3245 CPU @ 3.20GHz","AMD Radeon Pro Vega II Duo, AMD Radeon Pro Vega II Duo, AMD Radeon Pro Vega II Duo, AMD Radeon Pro Vega II Duo","Vulkan","/Users/oleksandr/projects/llms/gemma4/gemma-4-E2B-it-UD-Q6_K_XL.gguf","gemma4 E2B Q6_K","4694268044","4647450147","2048","512","16","0x0","0","50","f16","f16","0","0","layer","0","0","0","auto","0.00","none","1","0","0","0","0","0","0","4","0","0","2026-04-07T23:58:19Z","113985256","822168","35.093714","0.252319"
"69c28f154","8696","Intel(R) Xeon(R) W-3245 CPU @ 3.20GHz","AMD Radeon Pro Vega II Duo, AMD Radeon Pro Vega II Duo, AMD Radeon Pro Vega II Duo, AMD Radeon Pro Vega II Duo","Vulkan","/Users/oleksandr/projects/llms/gemma4/gemma-4-E2B-it-UD-Q6_K_XL.gguf","gemma4 E2B Q6_K","4694268044","4647450147","2048","512","16","0x0","0","50","f16","f16","0","0","layer","0","0","0","auto","0.00","none","1","0","0","0","0","0","0","8","0","0","2026-04-07T23:58:20Z","141970260","823752","56.351354","0.328332"
"69c28f154","8696","Intel(R) Xeon(R) W-3245 CPU @ 3.20GHz","AMD Radeon Pro Vega II Duo, AMD Radeon Pro Vega II Duo, AMD Radeon Pro Vega II Duo, AMD Radeon Pro Vega II Duo","Vulkan","/Users/oleksandr/projects/llms/gemma4/gemma-4-E2B-it-UD-Q6_K_XL.gguf","gemma4 E2B Q6_K","4694268044","4647450147","2048","512","16","0x0","0","50","f16","f16","0","0","layer","0","0","0","auto","0.00","none","1","0","0","0","0","0","0","16","0","0","2026-04-07T23:58:21Z","170605636","1346168","93.788193","0.737667"
"69c28f154","8696","Intel(R) Xeon(R) W-3245 CPU @ 3.20GHz","AMD Radeon Pro Vega II Duo, AMD Radeon Pro Vega II Duo, AMD Radeon Pro Vega II Duo, AMD Radeon Pro Vega II Duo","Vulkan","/Users/oleksandr/projects/llms/gemma4/gemma-4-E2B-it-UD-Q6_K_XL.gguf","gemma4 E2B Q6_K","4694268044","4647450147","2048","512","16","0x0","0","50","f16","f16","0","0","layer","0","0","0","auto","0.00","none","1","0","0","0","0","0","0","32","0","0","2026-04-07T23:58:22Z","646309435","2283918","49.512382","0.174997"
"69c28f154","8696","Intel(R) Xeon(R) W-3245 CPU @ 3.20GHz","AMD Radeon Pro Vega II Duo, AMD Radeon Pro Vega II Duo, AMD Radeon Pro Vega II Duo, AMD Radeon Pro Vega II Duo","Vulkan","/Users/oleksandr/projects/llms/gemma4/gemma-4-E2B-it-UD-Q6_K_XL.gguf","gemma4 E2B Q6_K","4694268044","4647450147","2048","512","16","0x0","0","50","f16","f16","0","0","layer","0","0","0","auto","0.00","none","1","0","0","0","0","0","0","64","0","0","2026-04-07T23:58:26Z","2024370487","1030713","31.614773","0.016070"
"69c28f154","8696","Intel(R) Xeon(R) W-3245 CPU @ 3.20GHz","AMD Radeon Pro Vega II Duo, AMD Radeon Pro Vega II Duo, AMD Radeon Pro Vega II Duo, AMD Radeon Pro Vega II Duo","Vulkan","/Users/oleksandr/projects/llms/gemma4/gemma-4-E2B-it-UD-Q6_K_XL.gguf","gemma4 E2B Q6_K","4694268044","4647450147","2048","512","16","0x0","0","50","f16","f16","0","0","layer","0","0","0","auto","0.00","none","1","0","0","0","0","0","0","128","0","0","2026-04-07T23:58:38Z","2221672106","1469529","57.614283","0.038080"
"69c28f154","8696","Intel(R) Xeon(R) W-3245 CPU @ 3.20GHz","AMD Radeon Pro Vega II Duo, AMD Radeon Pro Vega II Duo, AMD Radeon Pro Vega II Duo, AMD Radeon Pro Vega II Duo","Vulkan","/Users/oleksandr/projects/llms/gemma4/gemma-4-E2B-it-UD-Q6_K_XL.gguf","gemma4 E2B Q6_K","4694268044","4647450147","2048","512","16","0x0","0","50","f16","f16","0","0","layer","0","0","0","auto","0.00","none","1","0","0","0","0","0","0","256","0","0","2026-04-07T23:58:51Z","2781323314","3626170","92.042642","0.119791"
"69c28f154","8696","Intel(R) Xeon(R) W-3245 CPU @ 3.20GHz","AMD Radeon Pro Vega II Duo, AMD Radeon Pro Vega II Duo, AMD Radeon Pro Vega II Duo, AMD Radeon Pro Vega II Duo","Vulkan","/Users/oleksandr/projects/llms/gemma4/gemma-4-E2B-it-UD-Q6_K_XL.gguf","gemma4 E2B Q6_K","4694268044","4647450147","2048","512","16","0x0","0","50","f16","f16","0","0","layer","0","0","0","auto","0.00","none","1","0","0","0","0","0","0","512","0","0","2026-04-07T23:59:08Z","3971678536","4982846","128.912912","0.161800"
"69c28f154","8696","Intel(R) Xeon(R) W-3245 CPU @ 3.20GHz","AMD Radeon Pro Vega II Duo, AMD Radeon Pro Vega II Duo, AMD Radeon Pro Vega II Duo, AMD Radeon Pro Vega II Duo","Vulkan","/Users/oleksandr/projects/llms/gemma4/gemma-4-E2B-it-UD-Q6_K_XL.gguf","gemma4 E2B Q6_K","4694268044","4647450147","2048","512","16","0x0","0","50","f16","f16","0","0","layer","0","0","0","auto","0.00","none","1","0","0","0","0","0","0","1024","0","0","2026-04-07T23:59:32Z","8106253191","47171649","126.325656","0.735436"
"69c28f154","8696","Intel(R) Xeon(R) W-3245 CPU @ 3.20GHz","AMD Radeon Pro Vega II Duo, AMD Radeon Pro Vega II Duo, AMD Radeon Pro Vega II Duo, AMD Radeon Pro Vega II Duo","Vulkan","/Users/oleksandr/projects/llms/gemma4/gemma-4-E2B-it-UD-Q8_K_XL.gguf","gemma4 E2B Q8_0","5253716108","4647450147","2048","512","16","0x0","0","50","f16","f16","0","0","layer","0","0","0","auto","0.00","none","1","0","0","0","0","0","0","2","0","0","2026-04-08T00:00:22Z","62011259","797891","32.256431","0.410363"
"69c28f154","8696","Intel(R) Xeon(R) W-3245 CPU @ 3.20GHz","AMD Radeon Pro Vega II Duo, AMD Radeon Pro Vega II Duo, AMD Radeon Pro Vega II Duo, AMD Radeon Pro Vega II Duo","Vulkan","/Users/oleksandr/projects/llms/gemma4/gemma-4-E2B-it-UD-Q8_K_XL.gguf","gemma4 E2B Q8_0","5253716108","4647450147","2048","512","16","0x0","0","50","f16","f16","0","0","layer","0","0","0","auto","0.00","none","1","0","0","0","0","0","0","4","0","0","2026-04-08T00:00:22Z","113138308","2218853","35.365637","0.680762"
"69c28f154","8696","Intel(R) Xeon(R) W-3245 CPU @ 3.20GHz","AMD Radeon Pro Vega II Duo, AMD Radeon Pro Vega II Duo, AMD Radeon Pro Vega II Duo, AMD Radeon Pro Vega II Duo","Vulkan","/Users/oleksandr/projects/llms/gemma4/gemma-4-E2B-it-UD-Q8_K_XL.gguf","gemma4 E2B Q8_0","5253716108","4647450147","2048","512","16","0x0","0","50","f16","f16","0","0","layer","0","0","0","auto","0.00","none","1","0","0","0","0","0","0","8","0","0","2026-04-08T00:00:23Z","132503390","695166","60.377150","0.318476"
"69c28f154","8696","Intel(R) Xeon(R) W-3245 CPU @ 3.20GHz","AMD Radeon Pro Vega II Duo, AMD Radeon Pro Vega II Duo, AMD Radeon Pro Vega II Duo, AMD Radeon Pro Vega II Duo","Vulkan","/Users/oleksandr/projects/llms/gemma4/gemma-4-E2B-it-UD-Q8_K_XL.gguf","gemma4 E2B Q8_0","5253716108","4647450147","2048","512","16","0x0","0","50","f16","f16","0","0","layer","0","0","0","auto","0.00","none","1","0","0","0","0","0","0","16","0","0","2026-04-08T00:00:24Z","140227785","2678608","114.133827","2.209359"
"69c28f154","8696","Intel(R) Xeon(R) W-3245 CPU @ 3.20GHz","AMD Radeon Pro Vega II Duo, AMD Radeon Pro Vega II Duo, AMD Radeon Pro Vega II Duo, AMD Radeon Pro Vega II Duo","Vulkan","/Users/oleksandr/projects/llms/gemma4/gemma-4-E2B-it-UD-Q8_K_XL.gguf","gemma4 E2B Q8_0","5253716108","4647450147","2048","512","16","0x0","0","50","f16","f16","0","0","layer","0","0","0","auto","0.00","none","1","0","0","0","0","0","0","32","0","0","2026-04-08T00:00:24Z","797796547","3574053","40.111120","0.179347"
"69c28f154","8696","Intel(R) Xeon(R) W-3245 CPU @ 3.20GHz","AMD Radeon Pro Vega II Duo, AMD Radeon Pro Vega II Duo, AMD Radeon Pro Vega II Duo, AMD Radeon Pro Vega II Duo","Vulkan","/Users/oleksandr/projects/llms/gemma4/gemma-4-E2B-it-UD-Q8_K_XL.gguf","gemma4 E2B Q8_0","5253716108","4647450147","2048","512","16","0x0","0","50","f16","f16","0","0","layer","0","0","0","auto","0.00","none","1","0","0","0","0","0","0","64","0","0","2026-04-08T00:00:29Z","2032745005","4539462","31.484645","0.070143"
"69c28f154","8696","Intel(R) Xeon(R) W-3245 CPU @ 3.20GHz","AMD Radeon Pro Vega II Duo, AMD Radeon Pro Vega II Duo, AMD Radeon Pro Vega II Duo, AMD Radeon Pro Vega II Duo","Vulkan","/Users/oleksandr/projects/llms/gemma4/gemma-4-E2B-it-UD-Q8_K_XL.gguf","gemma4 E2B Q8_0","5253716108","4647450147","2048","512","16","0x0","0","50","f16","f16","0","0","layer","0","0","0","auto","0.00","none","1","0","0","0","0","0","0","128","0","0","2026-04-08T00:00:42Z","2219774975","2720908","57.663572","0.070657"
"69c28f154","8696","Intel(R) Xeon(R) W-3245 CPU @ 3.20GHz","AMD Radeon Pro Vega II Duo, AMD Radeon Pro Vega II Duo, AMD Radeon Pro Vega II Duo, AMD Radeon Pro Vega II Duo","Vulkan","/Users/oleksandr/projects/llms/gemma4/gemma-4-E2B-it-UD-Q8_K_XL.gguf","gemma4 E2B Q8_0","5253716108","4647450147","2048","512","16","0x0","0","50","f16","f16","0","0","layer","0","0","0","auto","0.00","none","1","0","0","0","0","0","0","256","0","0","2026-04-08T00:00:55Z","2798084550","2798468","91.491233","0.091476"
"69c28f154","8696","Intel(R) Xeon(R) W-3245 CPU @ 3.20GHz","AMD Radeon Pro Vega II Duo, AMD Radeon Pro Vega II Duo, AMD Radeon Pro Vega II Duo, AMD Radeon Pro Vega II Duo","Vulkan","/Users/oleksandr/projects/llms/gemma4/gemma-4-E2B-it-UD-Q8_K_XL.gguf","gemma4 E2B Q8_0","5253716108","4647450147","2048","512","16","0x0","0","50","f16","f16","0","0","layer","0","0","0","auto","0.00","none","1","0","0","0","0","0","0","512","0","0","2026-04-08T00:01:12Z","4186042577","6118560","122.311435","0.178727"
"69c28f154","8696","Intel(R) Xeon(R) W-3245 CPU @ 3.20GHz","AMD Radeon Pro Vega II Duo, AMD Radeon Pro Vega II Duo, AMD Radeon Pro Vega II Duo, AMD Radeon Pro Vega II Duo","Vulkan","/Users/oleksandr/projects/llms/gemma4/gemma-4-E2B-it-UD-Q8_K_XL.gguf","gemma4 E2B Q8_0","5253716108","4647450147","2048","512","16","0x0","0","50","f16","f16","0","0","layer","0","0","0","auto","0.00","none","1","0","0","0","0","0","0","1024","0","0","2026-04-08T00:01:37Z","8468122539","15303212","120.924404","0.218275"
"69c28f154","8696","Intel(R) Xeon(R) W-3245 CPU @ 3.20GHz","AMD Radeon Pro Vega II Duo, AMD Radeon Pro Vega II Duo, AMD Radeon Pro Vega II Duo, AMD Radeon Pro Vega II Duo","Vulkan","/Users/oleksandr/projects/llms/gemma4/gemma-4-E2B-it-BF16.gguf","gemma4 E2B BF16","9295485068","4647450147","2048","512","16","0x0","0","50","f16","f16","0","0","layer","0","0","0","auto","0.00","none","1","0","0","0","0","0","0","2","0","0","2026-04-08T00:02:29Z","68702237","245128","29.111428","0.103369"
"69c28f154","8696","Intel(R) Xeon(R) W-3245 CPU @ 3.20GHz","AMD Radeon Pro Vega II Duo, AMD Radeon Pro Vega II Duo, AMD Radeon Pro Vega II Duo, AMD Radeon Pro Vega II Duo","Vulkan","/Users/oleksandr/projects/llms/gemma4/gemma-4-E2B-it-BF16.gguf","gemma4 E2B BF16","9295485068","4647450147","2048","512","16","0x0","0","50","f16","f16","0","0","layer","0","0","0","auto","0.00","none","1","0","0","0","0","0","0","4","0","0","2026-04-08T00:02:30Z","123106546","384191","32.492432","0.101225"
"69c28f154","8696","Intel(R) Xeon(R) W-3245 CPU @ 3.20GHz","AMD Radeon Pro Vega II Duo, AMD Radeon Pro Vega II Duo, AMD Radeon Pro Vega II Duo, AMD Radeon Pro Vega II Duo","Vulkan","/Users/oleksandr/projects/llms/gemma4/gemma-4-E2B-it-BF16.gguf","gemma4 E2B BF16","9295485068","4647450147","2048","512","16","0x0","0","50","f16","f16","0","0","layer","0","0","0","auto","0.00","none","1","0","0","0","0","0","0","8","0","0","2026-04-08T00:02:31Z","147406436","461166","54.272139","0.169745"
"69c28f154","8696","Intel(R) Xeon(R) W-3245 CPU @ 3.20GHz","AMD Radeon Pro Vega II Duo, AMD Radeon Pro Vega II Duo, AMD Radeon Pro Vega II Duo, AMD Radeon Pro Vega II Duo","Vulkan","/Users/oleksandr/projects/llms/gemma4/gemma-4-E2B-it-BF16.gguf","gemma4 E2B BF16","9295485068","4647450147","2048","512","16","0x0","0","50","f16","f16","0","0","layer","0","0","0","auto","0.00","none","1","0","0","0","0","0","0","16","0","0","2026-04-08T00:02:32Z","144889637","702003","110.430951","0.534998"
"69c28f154","8696","Intel(R) Xeon(R) W-3245 CPU @ 3.20GHz","AMD Radeon Pro Vega II Duo, AMD Radeon Pro Vega II Duo, AMD Radeon Pro Vega II Duo, AMD Radeon Pro Vega II Duo","Vulkan","/Users/oleksandr/projects/llms/gemma4/gemma-4-E2B-it-BF16.gguf","gemma4 E2B BF16","9295485068","4647450147","2048","512","16","0x0","0","50","f16","f16","0","0","layer","0","0","0","auto","0.00","none","1","0","0","0","0","0","0","32","0","0","2026-04-08T00:02:32Z","1038935272","2674668","30.800927","0.079293"
"69c28f154","8696","Intel(R) Xeon(R) W-3245 CPU @ 3.20GHz","AMD Radeon Pro Vega II Duo, AMD Radeon Pro Vega II Duo, AMD Radeon Pro Vega II Duo, AMD Radeon Pro Vega II Duo","Vulkan","/Users/oleksandr/projects/llms/gemma4/gemma-4-E2B-it-BF16.gguf","gemma4 E2B BF16","9295485068","4647450147","2048","512","16","0x0","0","50","f16","f16","0","0","layer","0","0","0","auto","0.00","none","1","0","0","0","0","0","0","64","0","0","2026-04-08T00:02:39Z","1769444600","4489070","36.169728","0.091703"
"69c28f154","8696","Intel(R) Xeon(R) W-3245 CPU @ 3.20GHz","AMD Radeon Pro Vega II Duo, AMD Radeon Pro Vega II Duo, AMD Radeon Pro Vega II Duo, AMD Radeon Pro Vega II Duo","Vulkan","/Users/oleksandr/projects/llms/gemma4/gemma-4-E2B-it-BF16.gguf","gemma4 E2B BF16","9295485068","4647450147","2048","512","16","0x0","0","50","f16","f16","0","0","layer","0","0","0","auto","0.00","none","1","0","0","0","0","0","0","128","0","0","2026-04-08T00:02:49Z","1794197760","4206295","71.341390","0.166831"
"69c28f154","8696","Intel(R) Xeon(R) W-3245 CPU @ 3.20GHz","AMD Radeon Pro Vega II Duo, AMD Radeon Pro Vega II Duo, AMD Radeon Pro Vega II Duo, AMD Radeon Pro Vega II Duo","Vulkan","/Users/oleksandr/projects/llms/gemma4/gemma-4-E2B-it-BF16.gguf","gemma4 E2B BF16","9295485068","4647450147","2048","512","16","0x0","0","50","f16","f16","0","0","layer","0","0","0","auto","0.00","none","1","0","0","0","0","0","0","256","0","0","2026-04-08T00:03:00Z","2005460540","4179148","127.651919","0.265352"
"69c28f154","8696","Intel(R) Xeon(R) W-3245 CPU @ 3.20GHz","AMD Radeon Pro Vega II Duo, AMD Radeon Pro Vega II Duo, AMD Radeon Pro Vega II Duo, AMD Radeon Pro Vega II Duo","Vulkan","/Users/oleksandr/projects/llms/gemma4/gemma-4-E2B-it-BF16.gguf","gemma4 E2B BF16","9295485068","4647450147","2048","512","16","0x0","0","50","f16","f16","0","0","layer","0","0","0","auto","0.00","none","1","0","0","0","0","0","0","512","0","0","2026-04-08T00:03:12Z","2393392057","6140183","213.923454","0.548624"
"69c28f154","8696","Intel(R) Xeon(R) W-3245 CPU @ 3.20GHz","AMD Radeon Pro Vega II Duo, AMD Radeon Pro Vega II Duo, AMD Radeon Pro Vega II Duo, AMD Radeon Pro Vega II Duo","Vulkan","/Users/oleksandr/projects/llms/gemma4/gemma-4-E2B-it-BF16.gguf","gemma4 E2B BF16","9295485068","4647450147","2048","512","16","0x0","0","50","f16","f16","0","0","layer","0","0","0","auto","0.00","none","1","0","0","0","0","0","0","1024","0","0","2026-04-08T00:03:27Z","4874453500","27836844","210.080343","1.206319"
