build_commit,build_number,cpu_info,gpu_info,backends,model_filename,model_type,model_size,model_n_params,n_batch,n_ubatch,n_threads,cpu_mask,cpu_strict,poll,type_k,type_v,n_gpu_layers,n_cpu_moe,split_mode,main_gpu,no_kv_offload,flash_attn,devices,tensor_split,tensor_buft_overrides,use_mmap,use_direct_io,embeddings,no_op_offload,no_host,n_prompt,n_gen,n_depth,test_time,avg_ns,stddev_ns,avg_ts,stddev_ts
"c08d28d08","8667","Accelerate, Apple M2 Ultra","Apple M2 Ultra","MTL,BLAS","/Users/oleksandr/projects/llms/gemma4-2b/gemma-4-E2B-it-UD-Q2_K_XL.gguf","gemma4 E2B Q2_K - Medium","2384089228","4647450147","2048","512","16","0x0","0","50","f16","f16","99","0","layer","0","0","0","auto","0.00","none","1","0","0","0","0","0","2","0","2026-04-09T04:28:50Z","16962124","370901","117.953739","2.514748"
"c08d28d08","8667","Accelerate, Apple M2 Ultra","Apple M2 Ultra","MTL,BLAS","/Users/oleksandr/projects/llms/gemma4-2b/gemma-4-E2B-it-UD-Q2_K_XL.gguf","gemma4 E2B Q2_K - Medium","2384089228","4647450147","2048","512","16","0x0","0","50","f16","f16","99","0","layer","0","0","0","auto","0.00","none","1","0","0","0","0","0","4","0","2026-04-09T04:28:50Z","33652366","116388","118.863505","0.411469"
"c08d28d08","8667","Accelerate, Apple M2 Ultra","Apple M2 Ultra","MTL,BLAS","/Users/oleksandr/projects/llms/gemma4-2b/gemma-4-E2B-it-UD-Q2_K_XL.gguf","gemma4 E2B Q2_K - Medium","2384089228","4647450147","2048","512","16","0x0","0","50","f16","f16","99","0","layer","0","0","0","auto","0.00","none","1","0","0","0","0","0","8","0","2026-04-09T04:28:51Z","67258641","137536","118.944219","0.242906"
"c08d28d08","8667","Accelerate, Apple M2 Ultra","Apple M2 Ultra","MTL,BLAS","/Users/oleksandr/projects/llms/gemma4-2b/gemma-4-E2B-it-UD-Q2_K_XL.gguf","gemma4 E2B Q2_K - Medium","2384089228","4647450147","2048","512","16","0x0","0","50","f16","f16","99","0","layer","0","0","0","auto","0.00","none","1","0","0","0","0","0","16","0","2026-04-09T04:28:51Z","134531425","523499","118.932759","0.462114"
"c08d28d08","8667","Accelerate, Apple M2 Ultra","Apple M2 Ultra","MTL,BLAS","/Users/oleksandr/projects/llms/gemma4-2b/gemma-4-E2B-it-UD-Q2_K_XL.gguf","gemma4 E2B Q2_K - Medium","2384089228","4647450147","2048","512","16","0x0","0","50","f16","f16","99","0","layer","0","0","0","auto","0.00","none","1","0","0","0","0","0","32","0","2026-04-09T04:28:52Z","268629041","494448","119.123704","0.218576"
"c08d28d08","8667","Accelerate, Apple M2 Ultra","Apple M2 Ultra","MTL,BLAS","/Users/oleksandr/projects/llms/gemma4-2b/gemma-4-E2B-it-UD-Q2_K_XL.gguf","gemma4 E2B Q2_K - Medium","2384089228","4647450147","2048","512","16","0x0","0","50","f16","f16","99","0","layer","0","0","0","auto","0.00","none","1","0","0","0","0","0","64","0","2026-04-09T04:28:53Z","536672241","1737658","119.254419","0.386075"
"c08d28d08","8667","Accelerate, Apple M2 Ultra","Apple M2 Ultra","MTL,BLAS","/Users/oleksandr/projects/llms/gemma4-2b/gemma-4-E2B-it-UD-Q2_K_XL.gguf","gemma4 E2B Q2_K - Medium","2384089228","4647450147","2048","512","16","0x0","0","50","f16","f16","99","0","layer","0","0","0","auto","0.00","none","1","0","0","0","0","0","128","0","2026-04-09T04:28:56Z","1075678116","2340201","118.995155","0.258926"
"c08d28d08","8667","Accelerate, Apple M2 Ultra","Apple M2 Ultra","MTL,BLAS","/Users/oleksandr/projects/llms/gemma4-2b/gemma-4-E2B-it-UD-Q2_K_XL.gguf","gemma4 E2B Q2_K - Medium","2384089228","4647450147","2048","512","16","0x0","0","50","f16","f16","99","0","layer","0","0","0","auto","0.00","none","1","0","0","0","0","0","256","0","2026-04-09T04:29:01Z","2143846283","5959374","119.412286","0.332415"
"c08d28d08","8667","Accelerate, Apple M2 Ultra","Apple M2 Ultra","MTL,BLAS","/Users/oleksandr/projects/llms/gemma4-2b/gemma-4-E2B-it-UD-Q2_K_XL.gguf","gemma4 E2B Q2_K - Medium","2384089228","4647450147","2048","512","16","0x0","0","50","f16","f16","99","0","layer","0","0","0","auto","0.00","none","1","0","0","0","0","0","512","0","2026-04-09T04:29:12Z","4403431033","5273784","116.273102","0.139179"
"c08d28d08","8667","Accelerate, Apple M2 Ultra","Apple M2 Ultra","MTL,BLAS","/Users/oleksandr/projects/llms/gemma4-2b/gemma-4-E2B-it-UD-Q2_K_XL.gguf","gemma4 E2B Q2_K - Medium","2384089228","4647450147","2048","512","16","0x0","0","50","f16","f16","99","0","layer","0","0","0","auto","0.00","none","1","0","0","0","0","0","1024","0","2026-04-09T04:29:34Z","8976406475","5219225","114.076861","0.066324"
"c08d28d08","8667","Accelerate, Apple M2 Ultra","Apple M2 Ultra","MTL,BLAS","/Users/oleksandr/projects/llms/gemma4-2b/gemma-4-E2B-it-UD-Q3_K_XL.gguf","gemma4 E2B Q3_K - Medium","2899249292","4647450147","2048","512","16","0x0","0","50","f16","f16","99","0","layer","0","0","0","auto","0.00","none","1","0","0","0","0","0","2","0","2026-04-09T04:30:19Z","16515591","191383","121.110535","1.386026"
"c08d28d08","8667","Accelerate, Apple M2 Ultra","Apple M2 Ultra","MTL,BLAS","/Users/oleksandr/projects/llms/gemma4-2b/gemma-4-E2B-it-UD-Q3_K_XL.gguf","gemma4 E2B Q3_K - Medium","2899249292","4647450147","2048","512","16","0x0","0","50","f16","f16","99","0","layer","0","0","0","auto","0.00","none","1","0","0","0","0","0","4","0","2026-04-09T04:30:19Z","33173924","98478","120.577475","0.357816"
"c08d28d08","8667","Accelerate, Apple M2 Ultra","Apple M2 Ultra","MTL,BLAS","/Users/oleksandr/projects/llms/gemma4-2b/gemma-4-E2B-it-UD-Q3_K_XL.gguf","gemma4 E2B Q3_K - Medium","2899249292","4647450147","2048","512","16","0x0","0","50","f16","f16","99","0","layer","0","0","0","auto","0.00","none","1","0","0","0","0","0","8","0","2026-04-09T04:30:20Z","66262900","198004","120.732073","0.361598"
"c08d28d08","8667","Accelerate, Apple M2 Ultra","Apple M2 Ultra","MTL,BLAS","/Users/oleksandr/projects/llms/gemma4-2b/gemma-4-E2B-it-UD-Q3_K_XL.gguf","gemma4 E2B Q3_K - Medium","2899249292","4647450147","2048","512","16","0x0","0","50","f16","f16","99","0","layer","0","0","0","auto","0.00","none","1","0","0","0","0","0","16","0","2026-04-09T04:30:20Z","131878799","437807","121.324589","0.403338"
"c08d28d08","8667","Accelerate, Apple M2 Ultra","Apple M2 Ultra","MTL,BLAS","/Users/oleksandr/projects/llms/gemma4-2b/gemma-4-E2B-it-UD-Q3_K_XL.gguf","gemma4 E2B Q3_K - Medium","2899249292","4647450147","2048","512","16","0x0","0","50","f16","f16","99","0","layer","0","0","0","auto","0.00","none","1","0","0","0","0","0","32","0","2026-04-09T04:30:21Z","263850075","331369","121.281149","0.152310"
"c08d28d08","8667","Accelerate, Apple M2 Ultra","Apple M2 Ultra","MTL,BLAS","/Users/oleksandr/projects/llms/gemma4-2b/gemma-4-E2B-it-UD-Q3_K_XL.gguf","gemma4 E2B Q3_K - Medium","2899249292","4647450147","2048","512","16","0x0","0","50","f16","f16","99","0","layer","0","0","0","auto","0.00","none","1","0","0","0","0","0","64","0","2026-04-09T04:30:22Z","528890891","458495","121.008018","0.104666"
"c08d28d08","8667","Accelerate, Apple M2 Ultra","Apple M2 Ultra","MTL,BLAS","/Users/oleksandr/projects/llms/gemma4-2b/gemma-4-E2B-it-UD-Q3_K_XL.gguf","gemma4 E2B Q3_K - Medium","2899249292","4647450147","2048","512","16","0x0","0","50","f16","f16","99","0","layer","0","0","0","auto","0.00","none","1","0","0","0","0","0","128","0","2026-04-09T04:30:25Z","1059953458","1509978","120.760215","0.171691"
"c08d28d08","8667","Accelerate, Apple M2 Ultra","Apple M2 Ultra","MTL,BLAS","/Users/oleksandr/projects/llms/gemma4-2b/gemma-4-E2B-it-UD-Q3_K_XL.gguf","gemma4 E2B Q3_K - Medium","2899249292","4647450147","2048","512","16","0x0","0","50","f16","f16","99","0","layer","0","0","0","auto","0.00","none","1","0","0","0","0","0","256","0","2026-04-09T04:30:30Z","2120543383","2346461","120.723892","0.133537"
"c08d28d08","8667","Accelerate, Apple M2 Ultra","Apple M2 Ultra","MTL,BLAS","/Users/oleksandr/projects/llms/gemma4-2b/gemma-4-E2B-it-UD-Q3_K_XL.gguf","gemma4 E2B Q3_K - Medium","2899249292","4647450147","2048","512","16","0x0","0","50","f16","f16","99","0","layer","0","0","0","auto","0.00","none","1","0","0","0","0","0","512","0","2026-04-09T04:30:41Z","4378633074","5331380","116.931608","0.142386"
"c08d28d08","8667","Accelerate, Apple M2 Ultra","Apple M2 Ultra","MTL,BLAS","/Users/oleksandr/projects/llms/gemma4-2b/gemma-4-E2B-it-UD-Q3_K_XL.gguf","gemma4 E2B Q3_K - Medium","2899249292","4647450147","2048","512","16","0x0","0","50","f16","f16","99","0","layer","0","0","0","auto","0.00","none","1","0","0","0","0","0","1024","0","2026-04-09T04:31:02Z","8947840808","5875804","114.441056","0.075155"
"c08d28d08","8667","Accelerate, Apple M2 Ultra","Apple M2 Ultra","MTL,BLAS","/Users/oleksandr/projects/llms/gemma4-2b/gemma-4-E2B-it-UD-Q4_K_XL.gguf","gemma4 E2B Q4_K - Medium","3158225036","4647450147","2048","512","16","0x0","0","50","f16","f16","99","0","layer","0","0","0","auto","0.00","none","1","0","0","0","0","0","2","0","2026-04-09T04:31:48Z","16139183","364366","123.971079","2.717345"
"c08d28d08","8667","Accelerate, Apple M2 Ultra","Apple M2 Ultra","MTL,BLAS","/Users/oleksandr/projects/llms/gemma4-2b/gemma-4-E2B-it-UD-Q4_K_XL.gguf","gemma4 E2B Q4_K - Medium","3158225036","4647450147","2048","512","16","0x0","0","50","f16","f16","99","0","layer","0","0","0","auto","0.00","none","1","0","0","0","0","0","4","0","2026-04-09T04:31:48Z","31919008","55520","125.317474","0.216146"
"c08d28d08","8667","Accelerate, Apple M2 Ultra","Apple M2 Ultra","MTL,BLAS","/Users/oleksandr/projects/llms/gemma4-2b/gemma-4-E2B-it-UD-Q4_K_XL.gguf","gemma4 E2B Q4_K - Medium","3158225036","4647450147","2048","512","16","0x0","0","50","f16","f16","99","0","layer","0","0","0","auto","0.00","none","1","0","0","0","0","0","8","0","2026-04-09T04:31:48Z","63660366","175449","125.667647","0.346025"
"c08d28d08","8667","Accelerate, Apple M2 Ultra","Apple M2 Ultra","MTL,BLAS","/Users/oleksandr/projects/llms/gemma4-2b/gemma-4-E2B-it-UD-Q4_K_XL.gguf","gemma4 E2B Q4_K - Medium","3158225036","4647450147","2048","512","16","0x0","0","50","f16","f16","99","0","layer","0","0","0","auto","0.00","none","1","0","0","0","0","0","16","0","2026-04-09T04:31:48Z","127049666","207766","125.935271","0.205620"
"c08d28d08","8667","Accelerate, Apple M2 Ultra","Apple M2 Ultra","MTL,BLAS","/Users/oleksandr/projects/llms/gemma4-2b/gemma-4-E2B-it-UD-Q4_K_XL.gguf","gemma4 E2B Q4_K - Medium","3158225036","4647450147","2048","512","16","0x0","0","50","f16","f16","99","0","layer","0","0","0","auto","0.00","none","1","0","0","0","0","0","32","0","2026-04-09T04:31:49Z","255238366","386036","125.373229","0.189148"
"c08d28d08","8667","Accelerate, Apple M2 Ultra","Apple M2 Ultra","MTL,BLAS","/Users/oleksandr/projects/llms/gemma4-2b/gemma-4-E2B-it-UD-Q4_K_XL.gguf","gemma4 E2B Q4_K - Medium","3158225036","4647450147","2048","512","16","0x0","0","50","f16","f16","99","0","layer","0","0","0","auto","0.00","none","1","0","0","0","0","0","64","0","2026-04-09T04:31:50Z","510559316","1056847","125.353152","0.260023"
"c08d28d08","8667","Accelerate, Apple M2 Ultra","Apple M2 Ultra","MTL,BLAS","/Users/oleksandr/projects/llms/gemma4-2b/gemma-4-E2B-it-UD-Q4_K_XL.gguf","gemma4 E2B Q4_K - Medium","3158225036","4647450147","2048","512","16","0x0","0","50","f16","f16","99","0","layer","0","0","0","auto","0.00","none","1","0","0","0","0","0","128","0","2026-04-09T04:31:53Z","1024170117","2510664","124.979837","0.306076"
"c08d28d08","8667","Accelerate, Apple M2 Ultra","Apple M2 Ultra","MTL,BLAS","/Users/oleksandr/projects/llms/gemma4-2b/gemma-4-E2B-it-UD-Q4_K_XL.gguf","gemma4 E2B Q4_K - Medium","3158225036","4647450147","2048","512","16","0x0","0","50","f16","f16","99","0","layer","0","0","0","auto","0.00","none","1","0","0","0","0","0","256","0","2026-04-09T04:31:58Z","2048893050","2948712","124.945723","0.179956"
"c08d28d08","8667","Accelerate, Apple M2 Ultra","Apple M2 Ultra","MTL,BLAS","/Users/oleksandr/projects/llms/gemma4-2b/gemma-4-E2B-it-UD-Q4_K_XL.gguf","gemma4 E2B Q4_K - Medium","3158225036","4647450147","2048","512","16","0x0","0","50","f16","f16","99","0","layer","0","0","0","auto","0.00","none","1","0","0","0","0","0","512","0","2026-04-09T04:32:08Z","4184986699","7689497","122.342416","0.225194"
"c08d28d08","8667","Accelerate, Apple M2 Ultra","Apple M2 Ultra","MTL,BLAS","/Users/oleksandr/projects/llms/gemma4-2b/gemma-4-E2B-it-UD-Q4_K_XL.gguf","gemma4 E2B Q4_K - Medium","3158225036","4647450147","2048","512","16","0x0","0","50","f16","f16","99","0","layer","0","0","0","auto","0.00","none","1","0","0","0","0","0","1024","0","2026-04-09T04:32:29Z","8621643416","13268923","118.771084","0.182426"
"c08d28d08","8667","Accelerate, Apple M2 Ultra","Apple M2 Ultra","MTL,BLAS","/Users/oleksandr/projects/llms/gemma4-2b/gemma-4-E2B-it-UD-Q5_K_XL.gguf","gemma4 E2B Q5_K - Medium","4276181132","4647450147","2048","512","16","0x0","0","50","f16","f16","99","0","layer","0","0","0","auto","0.00","none","1","0","0","0","0","0","2","0","2026-04-09T04:33:13Z","16575100","238248","120.682681","1.718481"
"c08d28d08","8667","Accelerate, Apple M2 Ultra","Apple M2 Ultra","MTL,BLAS","/Users/oleksandr/projects/llms/gemma4-2b/gemma-4-E2B-it-UD-Q5_K_XL.gguf","gemma4 E2B Q5_K - Medium","4276181132","4647450147","2048","512","16","0x0","0","50","f16","f16","99","0","layer","0","0","0","auto","0.00","none","1","0","0","0","0","0","4","0","2026-04-09T04:33:13Z","32912799","161847","121.535611","0.597219"
"c08d28d08","8667","Accelerate, Apple M2 Ultra","Apple M2 Ultra","MTL,BLAS","/Users/oleksandr/projects/llms/gemma4-2b/gemma-4-E2B-it-UD-Q5_K_XL.gguf","gemma4 E2B Q5_K - Medium","4276181132","4647450147","2048","512","16","0x0","0","50","f16","f16","99","0","layer","0","0","0","auto","0.00","none","1","0","0","0","0","0","8","0","2026-04-09T04:33:13Z","65866258","213847","121.459262","0.392821"
"c08d28d08","8667","Accelerate, Apple M2 Ultra","Apple M2 Ultra","MTL,BLAS","/Users/oleksandr/projects/llms/gemma4-2b/gemma-4-E2B-it-UD-Q5_K_XL.gguf","gemma4 E2B Q5_K - Medium","4276181132","4647450147","2048","512","16","0x0","0","50","f16","f16","99","0","layer","0","0","0","auto","0.00","none","1","0","0","0","0","0","16","0","2026-04-09T04:33:13Z","130508925","254993","122.597353","0.239405"
"c08d28d08","8667","Accelerate, Apple M2 Ultra","Apple M2 Ultra","MTL,BLAS","/Users/oleksandr/projects/llms/gemma4-2b/gemma-4-E2B-it-UD-Q5_K_XL.gguf","gemma4 E2B Q5_K - Medium","4276181132","4647450147","2048","512","16","0x0","0","50","f16","f16","99","0","layer","0","0","0","auto","0.00","none","1","0","0","0","0","0","32","0","2026-04-09T04:33:14Z","261455241","188120","122.391936","0.087576"
"c08d28d08","8667","Accelerate, Apple M2 Ultra","Apple M2 Ultra","MTL,BLAS","/Users/oleksandr/projects/llms/gemma4-2b/gemma-4-E2B-it-UD-Q5_K_XL.gguf","gemma4 E2B Q5_K - Medium","4276181132","4647450147","2048","512","16","0x0","0","50","f16","f16","99","0","layer","0","0","0","auto","0.00","none","1","0","0","0","0","0","64","0","2026-04-09T04:33:15Z","525719891","1346157","121.738470","0.311312"
"c08d28d08","8667","Accelerate, Apple M2 Ultra","Apple M2 Ultra","MTL,BLAS","/Users/oleksandr/projects/llms/gemma4-2b/gemma-4-E2B-it-UD-Q5_K_XL.gguf","gemma4 E2B Q5_K - Medium","4276181132","4647450147","2048","512","16","0x0","0","50","f16","f16","99","0","layer","0","0","0","auto","0.00","none","1","0","0","0","0","0","128","0","2026-04-09T04:33:18Z","1051389183","1202186","121.743819","0.139336"
"c08d28d08","8667","Accelerate, Apple M2 Ultra","Apple M2 Ultra","MTL,BLAS","/Users/oleksandr/projects/llms/gemma4-2b/gemma-4-E2B-it-UD-Q5_K_XL.gguf","gemma4 E2B Q5_K - Medium","4276181132","4647450147","2048","512","16","0x0","0","50","f16","f16","99","0","layer","0","0","0","auto","0.00","none","1","0","0","0","0","0","256","0","2026-04-09T04:33:23Z","2104858841","3010695","121.623557","0.173960"
"c08d28d08","8667","Accelerate, Apple M2 Ultra","Apple M2 Ultra","MTL,BLAS","/Users/oleksandr/projects/llms/gemma4-2b/gemma-4-E2B-it-UD-Q5_K_XL.gguf","gemma4 E2B Q5_K - Medium","4276181132","4647450147","2048","512","16","0x0","0","50","f16","f16","99","0","layer","0","0","0","auto","0.00","none","1","0","0","0","0","0","512","0","2026-04-09T04:33:34Z","4327766924","23309455","118.308557","0.635982"
"c08d28d08","8667","Accelerate, Apple M2 Ultra","Apple M2 Ultra","MTL,BLAS","/Users/oleksandr/projects/llms/gemma4-2b/gemma-4-E2B-it-UD-Q5_K_XL.gguf","gemma4 E2B Q5_K - Medium","4276181132","4647450147","2048","512","16","0x0","0","50","f16","f16","99","0","layer","0","0","0","auto","0.00","none","1","0","0","0","0","0","1024","0","2026-04-09T04:33:56Z","8856384124","16952612","115.623147","0.221312"
"c08d28d08","8667","Accelerate, Apple M2 Ultra","Apple M2 Ultra","MTL,BLAS","/Users/oleksandr/projects/llms/gemma4-2b/gemma-4-E2B-it-UD-Q6_K_XL.gguf","gemma4 E2B Q6_K","4694268044","4647450147","2048","512","16","0x0","0","50","f16","f16","99","0","layer","0","0","0","auto","0.00","none","1","0","0","0","0","0","2","0","2026-04-09T04:34:40Z","16873883","380257","118.573225","2.599573"
"c08d28d08","8667","Accelerate, Apple M2 Ultra","Apple M2 Ultra","MTL,BLAS","/Users/oleksandr/projects/llms/gemma4-2b/gemma-4-E2B-it-UD-Q6_K_XL.gguf","gemma4 E2B Q6_K","4694268044","4647450147","2048","512","16","0x0","0","50","f16","f16","99","0","layer","0","0","0","auto","0.00","none","1","0","0","0","0","0","4","0","2026-04-09T04:34:40Z","33413091","120561","119.714797","0.431298"
"c08d28d08","8667","Accelerate, Apple M2 Ultra","Apple M2 Ultra","MTL,BLAS","/Users/oleksandr/projects/llms/gemma4-2b/gemma-4-E2B-it-UD-Q6_K_XL.gguf","gemma4 E2B Q6_K","4694268044","4647450147","2048","512","16","0x0","0","50","f16","f16","99","0","layer","0","0","0","auto","0.00","none","1","0","0","0","0","0","8","0","2026-04-09T04:34:41Z","67002499","261421","119.399979","0.464560"
"c08d28d08","8667","Accelerate, Apple M2 Ultra","Apple M2 Ultra","MTL,BLAS","/Users/oleksandr/projects/llms/gemma4-2b/gemma-4-E2B-it-UD-Q6_K_XL.gguf","gemma4 E2B Q6_K","4694268044","4647450147","2048","512","16","0x0","0","50","f16","f16","99","0","layer","0","0","0","auto","0.00","none","1","0","0","0","0","0","16","0","2026-04-09T04:34:41Z","134141308","481863","119.278434","0.428489"
"c08d28d08","8667","Accelerate, Apple M2 Ultra","Apple M2 Ultra","MTL,BLAS","/Users/oleksandr/projects/llms/gemma4-2b/gemma-4-E2B-it-UD-Q6_K_XL.gguf","gemma4 E2B Q6_K","4694268044","4647450147","2048","512","16","0x0","0","50","f16","f16","99","0","layer","0","0","0","auto","0.00","none","1","0","0","0","0","0","32","0","2026-04-09T04:34:42Z","267258050","504482","119.734807","0.225792"
"c08d28d08","8667","Accelerate, Apple M2 Ultra","Apple M2 Ultra","MTL,BLAS","/Users/oleksandr/projects/llms/gemma4-2b/gemma-4-E2B-it-UD-Q6_K_XL.gguf","gemma4 E2B Q6_K","4694268044","4647450147","2048","512","16","0x0","0","50","f16","f16","99","0","layer","0","0","0","auto","0.00","none","1","0","0","0","0","0","64","0","2026-04-09T04:34:43Z","535998091","642973","119.403547","0.142939"
"c08d28d08","8667","Accelerate, Apple M2 Ultra","Apple M2 Ultra","MTL,BLAS","/Users/oleksandr/projects/llms/gemma4-2b/gemma-4-E2B-it-UD-Q6_K_XL.gguf","gemma4 E2B Q6_K","4694268044","4647450147","2048","512","16","0x0","0","50","f16","f16","99","0","layer","0","0","0","auto","0.00","none","1","0","0","0","0","0","128","0","2026-04-09T04:34:46Z","1073439483","774164","119.242915","0.085850"
"c08d28d08","8667","Accelerate, Apple M2 Ultra","Apple M2 Ultra","MTL,BLAS","/Users/oleksandr/projects/llms/gemma4-2b/gemma-4-E2B-it-UD-Q6_K_XL.gguf","gemma4 E2B Q6_K","4694268044","4647450147","2048","512","16","0x0","0","50","f16","f16","99","0","layer","0","0","0","auto","0.00","none","1","0","0","0","0","0","256","0","2026-04-09T04:34:51Z","2146013908","2913489","119.291108","0.161804"
"c08d28d08","8667","Accelerate, Apple M2 Ultra","Apple M2 Ultra","MTL,BLAS","/Users/oleksandr/projects/llms/gemma4-2b/gemma-4-E2B-it-UD-Q6_K_XL.gguf","gemma4 E2B Q6_K","4694268044","4647450147","2048","512","16","0x0","0","50","f16","f16","99","0","layer","0","0","0","auto","0.00","none","1","0","0","0","0","0","512","0","2026-04-09T04:35:02Z","4400275399","6292135","116.356543","0.166083"
"c08d28d08","8667","Accelerate, Apple M2 Ultra","Apple M2 Ultra","MTL,BLAS","/Users/oleksandr/projects/llms/gemma4-2b/gemma-4-E2B-it-UD-Q6_K_XL.gguf","gemma4 E2B Q6_K","4694268044","4647450147","2048","512","16","0x0","0","50","f16","f16","99","0","layer","0","0","0","auto","0.00","none","1","0","0","0","0","0","1024","0","2026-04-09T04:35:24Z","8983507016","20512372","113.987140","0.260456"
"c08d28d08","8667","Accelerate, Apple M2 Ultra","Apple M2 Ultra","MTL,BLAS","/Users/oleksandr/projects/llms/gemma4-2b/gemma-4-E2B-it-UD-Q8_K_XL.gguf","gemma4 E2B Q8_0","5253716108","4647450147","2048","512","16","0x0","0","50","f16","f16","99","0","layer","0","0","0","auto","0.00","none","1","0","0","0","0","0","2","0","2026-04-09T04:36:11Z","18110625","301320","110.456350","1.798839"
"c08d28d08","8667","Accelerate, Apple M2 Ultra","Apple M2 Ultra","MTL,BLAS","/Users/oleksandr/projects/llms/gemma4-2b/gemma-4-E2B-it-UD-Q8_K_XL.gguf","gemma4 E2B Q8_0","5253716108","4647450147","2048","512","16","0x0","0","50","f16","f16","99","0","layer","0","0","0","auto","0.00","none","1","0","0","0","0","0","4","0","2026-04-09T04:36:11Z","36474900","305272","109.670553","0.910858"
"c08d28d08","8667","Accelerate, Apple M2 Ultra","Apple M2 Ultra","MTL,BLAS","/Users/oleksandr/projects/llms/gemma4-2b/gemma-4-E2B-it-UD-Q8_K_XL.gguf","gemma4 E2B Q8_0","5253716108","4647450147","2048","512","16","0x0","0","50","f16","f16","99","0","layer","0","0","0","auto","0.00","none","1","0","0","0","0","0","8","0","2026-04-09T04:36:12Z","72733883","343056","109.991958","0.518496"
"c08d28d08","8667","Accelerate, Apple M2 Ultra","Apple M2 Ultra","MTL,BLAS","/Users/oleksandr/projects/llms/gemma4-2b/gemma-4-E2B-it-UD-Q8_K_XL.gguf","gemma4 E2B Q8_0","5253716108","4647450147","2048","512","16","0x0","0","50","f16","f16","99","0","layer","0","0","0","auto","0.00","none","1","0","0","0","0","0","16","0","2026-04-09T04:36:12Z","145101550","300819","110.267981","0.228552"
"c08d28d08","8667","Accelerate, Apple M2 Ultra","Apple M2 Ultra","MTL,BLAS","/Users/oleksandr/projects/llms/gemma4-2b/gemma-4-E2B-it-UD-Q8_K_XL.gguf","gemma4 E2B Q8_0","5253716108","4647450147","2048","512","16","0x0","0","50","f16","f16","99","0","layer","0","0","0","auto","0.00","none","1","0","0","0","0","0","32","0","2026-04-09T04:36:13Z","291197750","740878","109.891528","0.279828"
"c08d28d08","8667","Accelerate, Apple M2 Ultra","Apple M2 Ultra","MTL,BLAS","/Users/oleksandr/projects/llms/gemma4-2b/gemma-4-E2B-it-UD-Q8_K_XL.gguf","gemma4 E2B Q8_0","5253716108","4647450147","2048","512","16","0x0","0","50","f16","f16","99","0","layer","0","0","0","auto","0.00","none","1","0","0","0","0","0","64","0","2026-04-09T04:36:14Z","582621850","914782","109.848482","0.172312"
"c08d28d08","8667","Accelerate, Apple M2 Ultra","Apple M2 Ultra","MTL,BLAS","/Users/oleksandr/projects/llms/gemma4-2b/gemma-4-E2B-it-UD-Q8_K_XL.gguf","gemma4 E2B Q8_0","5253716108","4647450147","2048","512","16","0x0","0","50","f16","f16","99","0","layer","0","0","0","auto","0.00","none","1","0","0","0","0","0","128","0","2026-04-09T04:36:17Z","1167415633","3605757","109.644733","0.338204"
"c08d28d08","8667","Accelerate, Apple M2 Ultra","Apple M2 Ultra","MTL,BLAS","/Users/oleksandr/projects/llms/gemma4-2b/gemma-4-E2B-it-UD-Q8_K_XL.gguf","gemma4 E2B Q8_0","5253716108","4647450147","2048","512","16","0x0","0","50","f16","f16","99","0","layer","0","0","0","auto","0.00","none","1","0","0","0","0","0","256","0","2026-04-09T04:36:23Z","2333286758","1364849","109.716506","0.064126"
"c08d28d08","8667","Accelerate, Apple M2 Ultra","Apple M2 Ultra","MTL,BLAS","/Users/oleksandr/projects/llms/gemma4-2b/gemma-4-E2B-it-UD-Q8_K_XL.gguf","gemma4 E2B Q8_0","5253716108","4647450147","2048","512","16","0x0","0","50","f16","f16","99","0","layer","0","0","0","auto","0.00","none","1","0","0","0","0","0","512","0","2026-04-09T04:36:35Z","4771426408","10441894","107.305848","0.234291"
"c08d28d08","8667","Accelerate, Apple M2 Ultra","Apple M2 Ultra","MTL,BLAS","/Users/oleksandr/projects/llms/gemma4-2b/gemma-4-E2B-it-UD-Q8_K_XL.gguf","gemma4 E2B Q8_0","5253716108","4647450147","2048","512","16","0x0","0","50","f16","f16","99","0","layer","0","0","0","auto","0.00","none","1","0","0","0","0","0","1024","0","2026-04-09T04:36:59Z","9983631016","321291690","102.652130","3.272337"
"c08d28d08","8667","Accelerate, Apple M2 Ultra","Apple M2 Ultra","MTL,BLAS","/Users/oleksandr/projects/llms/gemma4-2b/gemma-4-E2B-it-BF16.gguf","gemma4 E2B BF16","9295485068","4647450147","2048","512","16","0x0","0","50","f16","f16","99","0","layer","0","0","0","auto","0.00","none","1","0","0","0","0","0","2","0","2026-04-09T04:37:51Z","21593091","99189","92.623769","0.423716"
"c08d28d08","8667","Accelerate, Apple M2 Ultra","Apple M2 Ultra","MTL,BLAS","/Users/oleksandr/projects/llms/gemma4-2b/gemma-4-E2B-it-BF16.gguf","gemma4 E2B BF16","9295485068","4647450147","2048","512","16","0x0","0","50","f16","f16","99","0","layer","0","0","0","auto","0.00","none","1","0","0","0","0","0","4","0","2026-04-09T04:37:51Z","43478324","222102","92.001783","0.469750"
"c08d28d08","8667","Accelerate, Apple M2 Ultra","Apple M2 Ultra","MTL,BLAS","/Users/oleksandr/projects/llms/gemma4-2b/gemma-4-E2B-it-BF16.gguf","gemma4 E2B BF16","9295485068","4647450147","2048","512","16","0x0","0","50","f16","f16","99","0","layer","0","0","0","auto","0.00","none","1","0","0","0","0","0","8","0","2026-04-09T04:37:51Z","87114683","308818","91.833888","0.324396"
"c08d28d08","8667","Accelerate, Apple M2 Ultra","Apple M2 Ultra","MTL,BLAS","/Users/oleksandr/projects/llms/gemma4-2b/gemma-4-E2B-it-BF16.gguf","gemma4 E2B BF16","9295485068","4647450147","2048","512","16","0x0","0","50","f16","f16","99","0","layer","0","0","0","auto","0.00","none","1","0","0","0","0","0","16","0","2026-04-09T04:37:52Z","174482741","414301","91.700027","0.217724"
"c08d28d08","8667","Accelerate, Apple M2 Ultra","Apple M2 Ultra","MTL,BLAS","/Users/oleksandr/projects/llms/gemma4-2b/gemma-4-E2B-it-BF16.gguf","gemma4 E2B BF16","9295485068","4647450147","2048","512","16","0x0","0","50","f16","f16","99","0","layer","0","0","0","auto","0.00","none","1","0","0","0","0","0","32","0","2026-04-09T04:37:53Z","349112342","942687","91.661574","0.247597"
"c08d28d08","8667","Accelerate, Apple M2 Ultra","Apple M2 Ultra","MTL,BLAS","/Users/oleksandr/projects/llms/gemma4-2b/gemma-4-E2B-it-BF16.gguf","gemma4 E2B BF16","9295485068","4647450147","2048","512","16","0x0","0","50","f16","f16","99","0","layer","0","0","0","auto","0.00","none","1","0","0","0","0","0","64","0","2026-04-09T04:37:54Z","699371491","2156197","91.511433","0.282648"
"c08d28d08","8667","Accelerate, Apple M2 Ultra","Apple M2 Ultra","MTL,BLAS","/Users/oleksandr/projects/llms/gemma4-2b/gemma-4-E2B-it-BF16.gguf","gemma4 E2B BF16","9295485068","4647450147","2048","512","16","0x0","0","50","f16","f16","99","0","layer","0","0","0","auto","0.00","none","1","0","0","0","0","0","128","0","2026-04-09T04:37:58Z","1492851525","68665406","85.889216","4.003341"
"c08d28d08","8667","Accelerate, Apple M2 Ultra","Apple M2 Ultra","MTL,BLAS","/Users/oleksandr/projects/llms/gemma4-2b/gemma-4-E2B-it-BF16.gguf","gemma4 E2B BF16","9295485068","4647450147","2048","512","16","0x0","0","50","f16","f16","99","0","layer","0","0","0","auto","0.00","none","1","0","0","0","0","0","256","0","2026-04-09T04:38:05Z","3003929133","15016343","85.223423","0.426420"
"c08d28d08","8667","Accelerate, Apple M2 Ultra","Apple M2 Ultra","MTL,BLAS","/Users/oleksandr/projects/llms/gemma4-2b/gemma-4-E2B-it-BF16.gguf","gemma4 E2B BF16","9295485068","4647450147","2048","512","16","0x0","0","50","f16","f16","99","0","layer","0","0","0","auto","0.00","none","1","0","0","0","0","0","512","0","2026-04-09T04:38:20Z","5995318858","47806054","85.404327","0.684276"
"c08d28d08","8667","Accelerate, Apple M2 Ultra","Apple M2 Ultra","MTL,BLAS","/Users/oleksandr/projects/llms/gemma4-2b/gemma-4-E2B-it-BF16.gguf","gemma4 E2B BF16","9295485068","4647450147","2048","512","16","0x0","0","50","f16","f16","99","0","layer","0","0","0","auto","0.00","none","1","0","0","0","0","0","1024","0","2026-04-09T04:38:50Z","11766889000","114509376","87.030438","0.846027"
